"","tweets_txt"
"1","  Hoxe as h concentracións en todo o país polo asasinato machista de Diana Quer   Feminismo  Mais info no cartaz "
"2"," AmigasYConocidas  feminismo ya lo demostrasteis hace dos semanas lo que sois"
"3","Es contradictorio ver q el mismo  feminismo q acusa a todo el mundo d falta d empatía culpa a todos los hombres x lo q haga un degenerado"
"4","  Hoxe as h concentracións en todo o país polo asasinato machista de Diana Quer   Feminismo  Mais info no cartaz "
"5","  Hoxe as h concentracións en todo o país polo asasinato machista de Diana Quer   Feminismo  Mais info no cartaz "
"6","  El  Feminismo un asunto de mujeres y de hombres Proyecto de fotos y vídeos en el que  Padres hablan de feminismo a sus "
"7","Me quito el sombrero con este hilo  feminismo"
"8","Feminismo en rosa  la chocante fotografía de Juno Calypso   fotografia  feminismo"
"9"," Qué es el  Feminismo y cuáles son los ideales que representa   Esto y mucho más  aquí "
"10","  Hoxe as h concentracións en todo o país polo asasinato machista de Diana Quer   Feminismo  Mais info no cartaz "
"11","Interesante artículo desobre  feminismo  cuidado de la vida como valor y  neoliberalismo"
"12","repartiendo  Ilusion en forma de  juguetes no sexistas para niñas y niños víctivas de  VdeG en colaborac "
"13","  Hoxe as h concentracións en todo o país polo asasinato machista de Diana Quer   Feminismo  Mais info no cartaz "
"14"," Tienes una buena idea para desarrollar un pequeño proyecto en  Cuba   Echa un ojo a esta convocatoria   Feminismo "
"15","  Llegan los reyes magos   Libros feministas del   el año que dijimos  yo también  y  yo sí te creo   feminismo  sor "
"16","Somos nosotras las que decidimos sobre nuestro cuerpo y nuestra vida  La  frasecélebre de esta semana viene de la m "
"17","  Llegan los reyes magos   Libros feministas del   el año que dijimos  yo también  y  yo sí te creo   feminismo  sor "
"18","  Acoso en la facultad   Aguanté hasta el examen  Pensé que era mi culpa feminismo  sororidad  visibilidad"
"19","  El  Feminismo esa filosofía radical que defiende que las mujeres somos personas                "
"20","Al menos  mujeres y niños han sido asesinados en España en crímenes de violencia de género desde que comenzaron "
"21","Empezamos la agenda  Feminismo  Huesca"
"22","Seguro que no os lleva ni  segundos  Sólo una de las siguientes imágenes es un evidente ejemplo de  cosificación d "
"23","  Acoso en la facultad   Aguanté hasta el examen  Pensé que era mi culpa feminismo  sororidad  visibilidad"
"24","  Hoxe as h concentracións en todo o país polo asasinato machista de Diana Quer   Feminismo  Mais info no cartaz "
"25","  Hoxe as h concentracións en todo o país polo asasinato machista de Diana Quer   Feminismo  Mais info no cartaz "
"26","  días para el primer capítulo    machismo  feminismo  feminisme  feminism  feminist  feminista  igualdad  equidad "
"27","Vuestro problema es q focalizáis vuestro od "
"28","  Hoxe as h concentracións en todo o país polo asasinato machista de Diana Quer   Feminismo  Mais info no cartaz "
"29","  Hoxe as h concentracións en todo o país polo asasinato machista de Diana Quer   Feminismo  Mais info no cartaz "
"30","  En cuanto el  feminismo blanco se intersecciona con otros discursos  empezamos a ver cuánta ficción encierra la  liberac "
"31","  Acoso en la facultad   Aguanté hasta el examen  Pensé que era mi culpa feminismo  sororidad  visibilidad"
"32","  Hoxe as h concentracións en todo o país polo asasinato machista de Diana Quer   Feminismo  Mais info no cartaz "
"33","Legado de  mujeres que fallecieron en  y que quizá no conozcas       feminismo  mujer"
"34","  Hoxe as h concentracións en todo o país polo asasinato machista de Diana Quer   Feminismo  Mais info no cartaz "
"35","  Acoso en la facultad   Aguanté hasta el examen  Pensé que era mi culpa feminismo  sororidad  visibilidad"
"36","Hahahahahahaha me parto con las del deminismo no es lo contrario al machismo  Aqui un claro ejemplo  Las "
"37","  Hoxe as h concentracións en todo o país polo asasinato machista de Diana Quer   Feminismo  Mais info no cartaz "
"38","Amigas  seamos más sororas   feminismo"
"39","  Hoxe as h concentracións en todo o país polo asasinato machista de Diana Quer   Feminismo  Mais info no cartaz "
"40","  Hoxe as h concentracións en todo o país polo asasinato machista de Diana Quer   Feminismo  Mais info no cartaz "
"41","Hoxe as h concentracións en todo o país polo asasinato machista de Diana Quer   Feminismo  Mais info no cartaz "
"42","  Esto sí es  Feminismo  La  ajedrecista que desafió a  ArabiaSaudí   Sólo yo elijo cómo visto ví "
"43","   El  feminismo radical y cultural nos está conduciendo a la liberación de la mujer o a una imposición del dogmatismo "
"44","   Feminismo y lucha sindical  las mujeres que lideran luchas laborales  Desdehasta las  espartanas  de Coca Co "
"45","Buena selección desobre  libros que ayudan a entender en qué consiste realmente el  feminismo    "
"46","En cuanto el  feminismo blanco se intersecciona con otros discursos  empezamos a ver cuánta ficción encierra la  li "
"47","Esto sí es  Feminismo  La  ajedrecista que desafió a  ArabiaSaudí   Sólo yo elijo cómo visto vía"
"48","    El test de Bechdel está pasado de moda  Creadoras proponen otras alternativas   cine  series  tv  feminismo"
"49","  Acoso en la facultad   Aguanté hasta el examen  Pensé que era mi culpa feminismo  sororidad  visibilidad"
"50","  Por una universidad  feminista  si tocan a una nos tocan a todas   feminismo  género  machismo  universidad"
"51","Por una universidad  feminista  si tocan a una nos tocan a todas   feminismo  género  machismo  universidad"
"52","  Llegan los reyes magos   Libros feministas del   el año que dijimos  yo también  y  yo sí te creo   feminismo  sor "
"53","Para muchos la teocracia es Disneylandia para las minorias  LGTB  feminismo  feminism  FEMEN  Feminazis  masculinism"
"54","  Llegan los reyes magos   Libros feministas del   el año que dijimos  yo también  y  yo sí te creo   feminismo  sor "
"55","  Llegan los reyes magos   Libros feministas del   el año que dijimos  yo también  y  yo sí te creo   feminismo  sor "
"56","Como bien dice   este  documental ya tiene unos años  pero desgraciadamente cada vez está de más "
"57","              Interesante lectura  La justicia y la identificación con el agresor vía  Feminismo  AnálisisFeminista"
"58","  Llegan los reyes magos   Libros feministas del   el año que dijimos  yo también  y  yo sí te creo   feminismo  sor "
"59","   El  feminismo radical y cultural nos está conduciendo a la liberación de la mujer o a una imposición del dogmatismo "
"60"," Entrevista en España  Yo  cuál es la progresión en tu departamento  El entrevistador responde  la "
"61"," Hola   Feliz año  En AEGI ya estamos preparando las próximas novedades pero    aun puedes apuntarte a los curs "
"62","Llegan los reyes magos   Libros feministas del   el año que dijimos  yo también  y  yo sí te creo   feminismo "
"63","  El  feminismo como yo lo entiendo  Leído gracias a"
"64","  Acoso en la facultad   Aguanté hasta el examen  Pensé que era mi culpa feminismo  sororidad  visibilidad"
"65","  Acoso en la facultad   Aguanté hasta el examen  Pensé que era mi culpa feminismo  sororidad  visibilidad"
"66"," El  feminismo radical y cultural nos está conduciendo a la liberación de la mujer o a una imposición del dogmatism "
"67","Acoso en la facultad   Aguanté hasta el examen  Pensé que era mi culpa feminismo  sororidad  visibilidad"
"68","Esta genial  que a ti se te contrate por ser chef y caes en ponerte una chaqueta  graciosa  y tu co "
"69","Esto es  Feminismo  lo depuro marketing "
"70","PRIMER LIBRO DEL AÑO  DIÁLOGOS MASCULINOS  dey "
"71","Me han eliminado este tweet que hice  marianononosningunees  dianaquer  violenciamachista  nonoscallaran  machismo "
"72"," Tienes ya tu agenda del    pues echa un ojo a nuestros talleres y actividades y apunta las fechas  "
"73","Nuevo principio de incertidumbre del  feminismo   Una mujer feminista joven y bella dentro de una caja viste con ro "
"74","Una de las muestra de q aun queda mucho por luchar  feminismo"
"75","  Hombres que no saben distinguir entre  machismo y  feminismo y te dicen que  te lo hagas ver                                      "
"76","            Interesante lectura  La justicia y la identificación con el agresor vía  Feminismo  AnálisisFeminista"
"77","  Más de   mujeres de  Hollywood lanzaron plan contra el  acososexual   feminismo  MeToo  feminismo  abusosexual"
"78","  Celebres lo que celebres     Felices fiestas y feliz  cargado de mucho feminismo   feminismo  libertad  empoderamiento   "
"79"," Esto es cosa de hombres y sólo de hombres  INADMISIBLE  El techo de cristal para las mujeres se quedaa un palmo "
"80"," A retomar la marcha se ha dicho                            Qué mejor que iniciar el  descubriendo el legado que nos han dejado estas "
"81","    El test de Bechdel está pasado de moda  Creadoras proponen otras alternativas   cine  series  tv  feminismo"
"82","    El test de Bechdel está pasado de moda  Creadoras proponen otras alternativas   cine  series  tv  feminismo"
"83","  El  feminismo es plantarle cara a los infrahumanos como éstos  no ir medio en pelotas a lucir palmito por un pastizal "
"84","             Presentación Libro  La  muerte de mi madre me hizo más libre   Qmayorvía  "
"85","RT LSeptico  La estupidez del  feminismo"
"86","  Eres una cacaaaaa       Cuando una esta haaaarta del machismo lo primero que hace es reírse de los problemas con "
"87","  Anticapitalistas es  Ecologismo  Socialismo  Feminismo  Municipalismo Hazte simpatizante  Organízate  Lucha  Tu participación "
"88","Soy feminista  Sí  Mientras hayan mujeres que mueren por sus parejas  mientras hayan violaciones   mientras nos juz "
"89"," likes   personas k x  comentario serían capaces d agredir a otra persona sólo x su género  Pegando "
"90","    Que la fuerza del  Feminismo nos acompañe                 Ámate  Ama   Cambiar ese orden sí que altera el valor     "
"91","La Pedroche se puede poner lo que le da la gana  eso es libertad de decisión y eso es  feminismo se ponga eso o una "
"92","Respeto y admiro a los hombres  que ayudan en sus casas  que cocinan  que limpian  que cuidan también de un hogar  "
"93","RT LSeptico  La estupidez del  feminismo"
"94","Las mujeres tenemos las mismas capacidades que los hombres  no somos inferiores a ustedes  si te crees una raza sup "
"95","Mujeres que trabajan  se parten el lomo  atienden a sus hijos  y de paso llegan cansadas a casa  los hombres demand "
"96","Siempre he pensado lo siguiente  si la mujer puede  el hombre también  No por ser mujeres somos menos  no por ser m "
"97"," Yo como mujer estaré al frente y los protegeré  Luchen por su país    feminismo"
"98","La Pedroche se puede poner lo que le da la gana  eso es libertad de decisión y eso es  feminismo se ponga eso o una "
"99","Un año más de lucha feminista vía atandocabosorg  Feminismo  Género  Feminista"
"100","  Un año más de lucha feminista vía Feminismo  Género  Feminista"
"101","  La estupidez del  feminismo"
"102","aldocardinali En resumen  no es  feminismo  es  hembrismo  el odio hacia el hombredesde el principio "
"103","Tengo la sensación de que el  va a ser el año del feminismo  ya lo veréis                          Vamos a ser más grandes aún  feminismo"
"104","  El  feminismo no es una moda   El  feminismo es un compromiso   De nada "
"105","No concibo que se use a una mujer como un objeto  bajo mi opinión es lo que está sucediendo con   es "
"106","Jajaja  feminismo"
"107","La Pedroche se puede poner lo que le da la gana  eso es libertad de decisión y eso es  feminismo se ponga eso o una "
"108","El  feminismo es la ideología más destructiva que ha visto esta era Lástima la ignorancia y la maldad que llevan a ella "
"109","Un año más de lucha feminista vía Feminismo  Género  Feminista"
"110","  Que en  la fuerza se multiplique   Feminismo  NiUnaMenos  IgualdadDeGéneroSíVía  "
"111","  La estupidez del  feminismo"
"112","En resumen  no es  feminismo  es  hembrismo  el odio hacia el hombredesde el principio "
"113","  La estupidez del  feminismo"
"114","RT Eres Una Caca  Y si en estas navidades no hicieras nada  Igualdad o nada  Se acabó la navidad machista   eresunacaca  feminismo  caca   "
"115","Porque corregidme si me equivoco  pero  feminismo no es pedir que las tiendas abran un festivo porque te haya bajad "
"116","  Hombres que no saben distinguir entre  machismo y  feminismo y te dicen que  te lo hagas ver                                      "
"117","  No queremos que el  sea  el año  del  feminismo  queremos que los feminismos calen en la sociedad y formen parte de "
"118","La Pedroche se puede poner lo que le da la gana  eso es libertad de decisión y eso es  feminismo se ponga eso o una "
"119","No queremos vencer al patriarcado con sus propias reglas  Queremos unas nuevas  Muy recomendable esto de "
"120","  Más de   mujeres de  Hollywood lanzaron plan contra el  acososexual   feminismo  MeToo  feminismo  abusosexual"
"121","  El  feminismo es plantarle cara a los infrahumanos como éstos  no ir medio en pelotas a lucir palmito por un pastizal "
"122","  El  feminismo es plantarle cara a los infrahumanos como éstos  no ir medio en pelotas a lucir palmito por un pastizal "
"123","El  feminismo es plantarle cara a los infrahumanos como éstos  no ir medio en pelotas a lucir palmito por un pastiz "
"124"," Metoo y el año en que todo empezó a cambiar por Lee su columna llena de poder en  "
"125","  Y si en estas navidades no hicieras nada  Igualdad o nada  Se acabó la navidad machista   eresunacaca  feminismo  caca   "
"126","  Hablando de  Feminismo me acabo de dar un atracón con el docu de   Bombshell La Historia de Hedy L "
"127","Tres cosas por las que  Pedroche NO representa al  feminismo    Alimenta estereotipos patriarcales de cuerpo mujer  "
"128","Es lo que tiene el  Feminismo  así  sin más  sin clase    La lucha por la liberación de la mujer trabajadora si que "
"129","Soy tan  feminista que ya no tengo prejuicios cuando leo un libro escrito por una mujer  feminismo  feminism"
"130","Anna Muzychuk pone en jaque al machismo saudí  su renuncia a defender sus dos títulos en los campeonatos mundiales "
"131","  No queremos que el  sea  el año  del  feminismo  queremos que los feminismos calen en la sociedad y formen parte de "
"132","Invisibilizar el sexo universalizar el género  destruir el feminismo  ViolenciaContraLaMujer  Feminismo  Género "
"133","  El  feminismo como yo lo entiendo  Leído gracias a"
"134","La gente no entiende lo que es el  feminismo cuando critica a  pedroche por ponerse ese vestido en las "
"135","No olvidemos este año los  feminicidios y asesinatos de mujeres en el Ni un paso atr "
"136","  El  feminismo no es una moda   El  feminismo es un compromiso   De nada "
"137","  El test de Bechdel está pasado de moda  Creadoras proponen otras alternativas   cine  series  tv  feminismo"
"138","El dogma de fé del feminismo cultural  o apoyas todo lo que este propon "
"139","Nos deben al menos un gesto       mujeresparlamentarias es mucho poder q no se puede desaprovechar x visiones pa "
"140","Camille Claudel  Fère en Tardenois   Montdevergues   Además de ser una de las colaboradoras de confianza de "
"141","Muy interesante la entrevista aensobre el  feminismo"
"142","Yo hace como  años que sólo uso las palabras  Feminismo   discriminación por sexo "
"143","   WeShouldAllBeFeminists  Hay que recurrir a ejemplos especificos para que alguien que no ve la importancia del  feminismo pu "
"144","NO  no puedo enseñar a retocar fotos  No  no puedo retocar fotos gratis  y NO  la Pedroche no es feminista  solo un "
"145","Yo hace como  años que sólo uso las palabras  Feminismo   discriminación por "
"146"," Un deseo para   NO más  machismo  Extended el  FEMINISMO  "
"147","   QUÉ ESTÁN VIENDO MIS OJOS     No me puedo creer este artículo de  El discurso FUE feminista   Muy b "
"148","No es lo mismo  género que  sexo que  feminismo"
"149","Cuentos para niñas rebeldes mujer  libros  literatura  empoderamiento  feminismo"
"150","Como cada año tras las campanadas deel debate en  rrss sobre el vestido de  lapedroche no se hizo esp "
"151","  Pues no va y me dice mi primaque quiere una sesión de fotos con pelillos     feminismo"
"152","  Hombres que no saben distinguir entre  machismo y  feminismo y te dicen que  te lo hagas ver                                      "
"153","Porque el diario se construye automáticamente gracias a tuits de person "
"154","  El  feminismo como yo lo entiendo  Leído gracias a"
"155","Cristina Pedroche   Mi vestido es superfeminista   Perfecta respuesta dea las  feministas que quie "
"156","Lo importante es que nadie obliga por lo que veo mas un acto de libertad personal que de  Machismo o "
"157","  El  feminismo como yo lo entiendo  Leído gracias a"
"158","  Regala  feminismo  Regala  igualdad                                         Machismo de  NiñasRebeldes dey"
"159","Como mujer  sentí asco  bochorno e indignación  Cómplice consentida del machismo más baboso  PedrocheCampanadas  No "
"160","Pues no va y me dice mi primaque quiere una sesión de fotos con pelillos     feminismo"
"161","             Presentación Libro  La  muerte de mi madre me hizo más libre   Qmayorvía  "
"162","Como acabaremos con burkas SEGURO es idolatrando la teoría de Genaro y el  feminismo moderno como hacéis vosotros "
"163","Como acabaremos con burkas SEGURO es idolatrando la teoría de Genaro y el  feminismo mod "
"164"," Sabes qué es el  Feminismo  Descubre más sobre este movimiento"
"165","  Y si en estas navidades no hicieras nada  Igualdad o nada  Se acabó la navidad machista   eresunacaca  feminismo  caca   "
"166","  El  feminismo no es una moda   El  feminismo es un compromiso   De nada "
"167","  La estupidez del  feminismo"
"168","    Que la fuerza del  Feminismo nos acompañe                 Ámate  Ama   Cambiar ese orden sí que altera el valor     "
"169","  Más de   mujeres de  Hollywood lanzaron plan contra el  acososexual   feminismo  MeToo  feminismo  abusosexual"
"170","  El  feminismo no es una moda   El  feminismo es un compromiso   De nada "
"171","  El  feminismo no es una moda   El  feminismo es un compromiso   De nada "
"172","  Más de   mujeres de  Hollywood lanzaron plan contra el  acososexual   feminismo  MeToo  feminismo  abusosexual"
"173","Islandia  primer país con igualdad salarial entre hombres y  mujeres  feminismo  mevistocomomedalagana"
"174","RT LSeptico  La estupidez del  feminismo"
"175","  Hablando de  Feminismo me acabo de dar un atracón con el docu de   Bombshell La Historia de Hedy L "
"176","  Interesantísima entrevista realizada a la filósofa   sobre  feminismo  Ridículo  por otra parte  que   "
"177","  Más de   mujeres de  Hollywood lanzaron plan contra el  acososexual   feminismo  MeToo  feminismo  abusosexual"
"178","  El  feminismo como yo lo entiendo  Leído gracias a"
"179","Hablando de  Feminismo me acabo de dar un atracón con el docu de   Bombshell La Historia de He "
"180","Louis Aragon dijo  El devenir del hombre es la mujer  ella es el color de su alma  ella es su susurro y su estruend "
"181","  La estupidez del  feminismo"
"182","  El  feminismo no es una moda   El  feminismo es un compromiso   De nada "
"183","Mis protagonistas y secundarias preferidas de Empiezo el año en La lente violeta hacie "
"184","  Se va el   y con él un año marcado por el  feminismo  En el  nos toca consolidar la cuarta ola feminista y aprovec "
"185","  La estupidez del  feminismo"
"186"," El último Verde Niña Magazine ya está publicado  ecologismo  feminismo  energíasrenovables  bienestar  revolución"
"187","  Más de   mujeres de  Hollywood lanzaron plan contra el  acososexual   feminismo  MeToo  feminismo  abusosexual"
"188","El discurso feminista se cuela en las Campanadas violenciamachista "
"189","    Que la fuerza del  Feminismo nos acompañe                 Ámate  Ama   Cambiar ese orden sí que altera el valor     "
"190","  El  feminismo como yo lo entiendo  Leído gracias a"
"191","  Hombres que no saben distinguir entre  machismo y  feminismo y te dicen que  te lo hagas ver                                      "
"192","  Más de   mujeres de  Hollywood lanzaron plan contra el  acososexual   feminismo  MeToo  feminismo  abusosexual"
"193","  Más de   mujeres de  Hollywood lanzaron plan contra el  acososexual   feminismo  MeToo  feminismo  abusosexual"
"194","  Más de   mujeres de  Hollywood lanzaron plan contra el  acososexual   feminismo  MeToo  feminismo  abusosexual"
"195","  Más de   mujeres de  Hollywood lanzaron plan contra el  acososexual   feminismo  MeToo  feminismo  abusosexual"
"196"," Feministas  justificando la imposición del hijab  máximo símbolo de la opresión y cosificación de la mujer en el m "
"197","  Más de   mujeres de  Hollywood lanzaron plan contra el  acososexual   feminismo  MeToo  feminismo  abusosexual"
"198","  Más de   mujeres de  Hollywood lanzaron plan contra el  acososexual   feminismo  MeToo  feminismo  abusosexual"
"199","  Más de   mujeres de  Hollywood lanzaron plan contra el  acososexual   feminismo  MeToo  feminismo  abusosexual"
"200","  Esta es la nueva camiseta feminista que desbancará al  We should all be feminist  de Dior   Feminismo  Dior  WeShouldAllBe "
"201","Está prohibido  y así es como se hace   Opinión   Página  feminismo  capitalismo  felizlunes"
"202","Mujer incitando a la violencia contra quien piensa distinto    feminismo  ViolenciaDeGenero  ViolenciaDeGénero "
"203","   feminismo y lucha sindical  las mujeres que lideran luchas laborales  cuartopoder"
"204","  Ey  que se os ha caído un poco de machismo en el titular  Os lo he sacudido  De nada    feminismo  hayquejoderse"
"205","Más de   mujeres de  Hollywood lanzaron plan contra el  acososexual   feminismo  MeToo  feminismo  abusosexual"
"206","RT ACPIGualtat  Apuntemos ya una fecha   de marzo  huelga general feminista   M  trabajo  feminismo  laboral "
"207","   feminismo y lucha sindical  las mujeres que lideran luchas laborales  cuartopoder"
"208","Hoy más que nunca la revolución feminista está más presente en nuestras vidas  Sal de la jaula  quémala  "
"209","Petándolo en el metro de  Estambul  laschicassonguerreras  libro  book  turquia  feminismo  autobombo"
"210","Petándolo en el metro de  Estambul  laschicassonguerreras  libro  book  turquia  feminismo "
"211","  Hoy venimos con un conjunto de definiciones nuevo   discapacidad  Feminismo  interseccional "
"212","Gracias Anna  de parte de todas las mujeres del mundo  esto es  feminismo de verdad y un gran ejemplovía"
"213","Hoy venimos con un conjunto de definiciones nuevo   discapacidad  Feminismo  interseccional "
"214","Teléfono  Feminismo"
"215","    Que la fuerza del  Feminismo nos acompañe                 Ámate  Ama   Cambiar ese orden sí que altera el valor     "
"216","  Apuntemos ya una fecha   de marzo  huelga general feminista   M  trabajo  feminismo  laboral  empresa"
"217","Apuntemos ya una fecha   de marzo  huelga general feminista   M  trabajo  feminismo  laboral  empresa"
"218","Ya que en Navidad cocinamos principalmente mi madre y yo  aunque el también contribuyó  Tomó la iniciativa de hacer "
"219","  El  feminismo no es una moda   El  feminismo es un compromiso   De nada "
"220"," frasefeministadelasemana  cuando los hombres son oprimidos es una tragedia  cuando las oprimidas son las mujeres e "
"221","Estimable  MonLaferte NO traigas a México tu asqueroso falso  feminismo Izquierdista o  Feminazismo  si n "
"222"," Felizañonuevo  Por un  con más  brujas y menos inquisidores       Happynewyear We wish more  witches and less "
"223"," Horizontes deseados  otras formas de existencia   nuevo post en el blog Madrid "
"224","Gracias a  y la entrevista denos envían propuestas tan rompedoras como e "
"225","Sabe que recibirá tanto halagos como críticas y eso es bueno para el espectáculo  No obstante  aún aplaudiendo su d "
"226"," Cómo empezamos el año   Binomio Mujeril en TremendaFemZine grande compas                 fanzine  tremenda  arte "
"227","  Regalazo  fermosísimo calendario gratuíto do  descargable de grandes mulleres                                                   Feminismo"
"228","  Hombres que no saben distinguir entre  machismo y  feminismo y te dicen que  te lo hagas ver                                      "
"229","Jejejepaso  bro   no fío del origende esa leche  hay demasiados masturbadores mongólicos en esa caverna mediáti "
"230","  Interesantísima entrevista realizada a la filósofa   sobre  feminismo  Ridículo  por otra parte  que   "
"231"," La libertad no nos hace felices a las mujeres  Sencillamente nos hace mujeres  Lolo Rico en  La mirada no inventad "
"232","  Hombres que no saben distinguir entre  machismo y  feminismo y te dicen que  te lo hagas ver                                      "
"233","  Hombres que no saben distinguir entre  machismo y  feminismo y te dicen que  te lo hagas ver                                      "
"234","  El  feminismo como yo lo entiendo  Leído gracias a"
"235","  Hombres que no saben distinguir entre  machismo y  feminismo y te dicen que  te lo hagas ver                                      "
"236","  Hombres que no saben distinguir entre  machismo y  feminismo y te dicen que  te lo hagas ver                                      "
"237","  Interesantísima entrevista realizada a la filósofa   sobre  feminismo  Ridículo  por otra parte  que   "
"238","  Hombres que no saben distinguir entre  machismo y  feminismo y te dicen que  te lo hagas ver                                      "
"239","  Hombres que no saben distinguir entre  machismo y  feminismo y te dicen que  te lo hagas ver                                      "
"240","Interesantísima entrevista realizada a la filósofa   sobre  feminismo  Ridículo  por otra parte  que "
"241"," feminismo y lucha sindical  las mujeres que lideran luchas laborales  cuartopoder"
"242","  El  feminismo no es una moda   El  feminismo es un compromiso   De nada "
"243","Feminismo NO es el antónimo de machismo    igualdad  igualdaDeGénero  NiUnaMenos  Feminismo "
"244","             Presentación Libro  La  muerte de mi madre me hizo más libre   Qmayorvía  "
"245","El  feminismo no es una moda   El  feminismo es un compromiso   De nada "
"246","                         Contra a  ViolenciaMachista  mobilización o martes   X  ás   na Praza  de Marzo  o  MachismoMata  "
"247","Hombres que no saben distinguir entre  machismo y  feminismo y te dicen que  te lo hagas ver                                      "
"248","  El  Feminismo esa filosofía radical que defiende que las mujeres somos personas                "
"249","  No uses el  feminismo para ocultar la sexualización y cosificación de las mujeres  Te recomiendo empezar por aquí  "
"250","PD  Los posters son de la sección femenina  con la que aleccionaban a mujere "
"251","  No queremos que el  sea  el año  del  feminismo  queremos que los feminismos calen en la sociedad y formen parte de "
"252","  Hombres que no saben distinguir entre  machismo y  feminismo y te dicen que  te lo hagas ver                                      "
"253","  Hombres que no saben distinguir entre  machismo y  feminismo y te dicen que  te lo hagas ver                                      "
"254","  Hombres que no saben distinguir entre  machismo y  feminismo y te dicen que  te lo hagas ver                                      "
"255","  Hombres que no saben distinguir entre  machismo y  feminismo y te dicen que  te lo hagas ver                                      "
"256","  Hombres que no saben distinguir entre  machismo y  feminismo y te dicen que  te lo hagas ver                                      "
"257","Hombres que no saben distinguir entre  machismo y  feminismo y te dicen que  te lo hagas ver                                      "
"258"," Mujeres  IgualdadDeGenero  generoyciencia  igualdad  feminismo  PWNBILBAO  diversidad  El legado de  mujeres que "
"259","Ya hemos cumplido en la comida de noche vieja y año nuevo  Debate sobre  feminismo      No sacado por nosotras xD q "
"260","Qué fácilhablar desde el privilegio q le fue otorgado en la sociedad x ser un varón blanco hetero católico occide "
"261"," La clave de la estructura patriarcal de la economía capitalista está en el aislamiento de la familia  mediante su "
"262","   Tienes una buena idea para desarrollar un pequeño proyecto en  Cuba   Echa un ojo a esta convocatoria   Feminismo  Medioam "
"263","  No queremos que el  sea  el año  del  feminismo  queremos que los feminismos calen en la sociedad y formen parte de "
"264","  No queremos que el  sea  el año  del  feminismo  queremos que los feminismos calen en la sociedad y formen parte de "
"265","    Que la fuerza del  Feminismo nos acompañe                 Ámate  Ama   Cambiar ese orden sí que altera el valor     "
"266","Q lástima  busca audiencia sacando a  CristinaPedroche medio en bolas no por sus dotes periodísticas o "
"267","Este tipo de cosas son las que NO ayudan al  feminismo"
"268"," Tienes una buena idea para desarrollar un pequeño proyecto en  Cuba   Echa un ojo a esta convocatoria   Feminismo "
"269","Ya hemos cumplido en la comida de noche vieja y año nuevo  Debate sobre  feminismo      No sacado por nosotras xD q "
"270","             Presentación Libro  La  muerte de mi madre me hizo más libre   Qmayorvía  "
"271","Pujar por un baile en  Lecrín como un juego en una tradición hace años descontextualizada es  escalofriante según "
"272","Últimamente me apetece leer algo sobre el  feminismo para aprender y concienciarme  si sabéis de algún libro intere "
"273","RT PhotoPressrCg    Que la fuerza del  Feminismo nos acompañe                 Ámate  Ama   Cambiar ese orden sí que altera el valor    EUrrutiko "
"274","No creo que  CristinaPedroche sea ningún ejemplo ni ayude al  feminismo si nadie habla de su discurso sino de su vestido  cuerpo "
"275","  Leia hace  años nos enseñó como son las princesas de verdad   StarWars  TheLastJedi  feminism  feminismo  LeiaOrgana  Mujer "
"276","  Con lo de NAHIR GALARZA es claro que el  feminismo ni el  NiUnaMenos NO tienen que tener cabida  No se trata de estadíst "
"277","    Que la fuerza del  Feminismo nos acompañe                 Ámate  Ama   Cambiar ese orden sí que altera el valor     "
"278","Con lo de NAHIR GALARZA es claro que el  feminismo ni el  NiUnaMenos NO tienen que tener cabida  No se trata de est "
"279","    Que la fuerza del  Feminismo nos acompañe                 Ámate  Ama   Cambiar ese orden sí que altera el valor     "
"280","  Y si en estas navidades no hicieras nada  Igualdad o nada  Se acabó la navidad machista   eresunacaca  feminismo  caca   "
"281","  El  feminismo como yo lo entiendo  Leído gracias a"
"282","  El  feminismo como yo lo entiendo  Leído gracias a"
"283","RT PhotoPressrCg    Que la fuerza del  Feminismo nos acompañe                 Ámate  Ama   Cambiar ese orden sí que altera el valor    EUrrutiko "
"284","Faltan  días   machismo  feminismo  feminisme  feminism  feminist  feminista  igualdad  equidad  equality "
"285","X gaviotas confundidas con las nubes en un cuadro marino  sus manos firmes y la luz azulada de la ley  Politica "
"286","    Que la fuerza del  Feminismo nos acompañe                 Ámate  Ama   Cambiar ese orden sí que altera el valor     "
"287","    Que la fuerza del  Feminismo nos acompañe                 Ámate  Ama   Cambiar ese orden sí que altera el valor     "
"288","Me quedo con el  feminismo dey    espero quetome nota y se lo apunte en sus entrevistas "
"289","    Que la fuerza del  Feminismo nos acompañe                 Ámate  Ama   Cambiar ese orden sí que altera el valor     "
"290","Hoy se celebra el día de Santa María Madre de Dios  Nuestra primera recomendación de este  es el libro  La muje "
"291","Está visto que para el  Feminismo  la mujer es discapacitada a la hora de crear historias  Disney  Cazafantasmas  S "
"292","Hola  Lee y reflexiona   NiUnaMenos  feminismo  NosQueremosVivas  Cristina"
"293","    Que la fuerza del  Feminismo nos acompañe                 Ámate  Ama   Cambiar ese orden sí que altera el valor     "
"294","  Muy bienpor la fotografía acertada decomo referente del  Feminismo y la  Sororidad en  Ecuad "
"295","    Que la fuerza del  Feminismo nos acompañe                 Ámate  Ama   Cambiar ese orden sí que altera el valor     "
"296","  El  feminismo como yo lo entiendo  Leído gracias a"
"297","   PREPARATE  M   sororidad  feminismo este  hará historia  Gracias por luchar para que lo consigamos  "
"298","Que en  no falte ninguna por culpa de las  ViolenciasMachistas  Tomemos fuerzas porque este va ser el año del "
"299","Que en  no falte ninguna por culpa de las  ViolenciasMachistas  Tomemos fuerzas porque este va ser el año del "
"300","    Que la fuerza del  Feminismo nos acompañe                 Ámate  Ama   Cambiar ese orden sí que altera el valor     "
"301","    Que la fuerza del  Feminismo nos acompañe                 Ámate  Ama   Cambiar ese orden sí que altera el valor     "
"302","  Que la fuerza del  Feminismo nos acompañe                 Ámate  Ama   Cambiar ese orden sí que altera el valor    "
"303","Está visto que para el  Feminismo  la mujer es discapacitada a la hora de crear historias  Disney  Cazafantasmas  S "
"304"," Noti Fem está disponible  feminismo  mujeres"
"305","  Feliz año de la mujer   feminismo"
"306","SíNo se puede decir más claro  Exigimos volver a casa solas  de noche y vivas  Y sin miedo   Metoo "
"307","Pelos  pijama  café y  ConciertodeAñoNuevo Si mi hija pudiera encontrar fácilmente mujeres músicas en la televisión "
"308","Feliz año de la mujer   feminismo"
"309","  El  feminismo como yo lo entiendo  Leído gracias a"
"310","Mensaje de  Cada uno viste lo que quiere  y  feminismo pero  si este año hubiese querido d "
"311","  Mi columna de hoy en   Feminismo  Antiespecismo  FelizNavidad  FelizLunes"
"312","BLKlazaro vincleta elenruiper El  feminismo que nos enseña a cuidarnos en un sistema brutal             "
"313","Lo peor que le puedes decir a  Pedroche es que le quedaba mal el vestido Dejad lo del  feminismo para otras entendederas "
"314","  Reproducimos en  Público la  entrevista de los compañeros dea la gran               mujeres  feminismo "
"315","  El  feminismo como yo lo entiendo  Leído gracias a"
"316","  El  feminismo como yo lo entiendo  Leído gracias a"
"317","  Os deseamos un  Feliz  Por un año en el que los  DerechosHumanos  la  Diversidad  el  Feminismo y la  Inclusión se "
"318","Estoy harto de la radicalización de las feministas  no todas lógicamente   Si no dices exactamente lo que ellas qui "
"319","  Sólo voy a decir una cosa sobre el  feminismo y el vestido de  Olé por ella   Qué cada una se vista como le "
"320","Sólo voy a decir una cosa sobre el  feminismo y el vestido de  Olé por ella   Qué cada una se vist "
"321"," Feministas  que utilizan el ataque más vulgar para autoproclamarse en posesión de la verdad absoluta     feminismo "
"322","El  feminismo que nos enseña a cuidarnos en un sistema brutal             "
"323","  El  feminismo como yo lo entiendo  Leído gracias a"
"324","Confundes conceptos   Hembrismo es el equivalente al  machismo  El  feminismo es buscar la igualdad  Todos  hombres "
"325","RT marinamarroqui   PREPARATE  M   sororidad  feminismo este  hará historia  Gracias por luchar para que lo consigamos patricarmo "
"326","  El  feminismo como yo lo entiendo  Leído gracias a"
"327","  Cuando el  Feminismo  lo que te enseña es  Machismo"
"328","   PREPARATE  M   sororidad  feminismo este  hará historia  Gracias por luchar para que lo consigamos  "
"329","  En este post  nuestrase atreve a unir  feminismo y  JuegoDeTronos y se queda tan ancha    Tu tb crees q es u "
"330","   Feminismo y lucha sindical  las mujeres que lideran luchas laborales  Desdehasta las  espartanas  de Coca Co "
"331","Qué es el  feminismo  Sin desperdicio "
"332"," En los prostíbulos los hombres que ejercen el poder toman decisiones libres de  feminismo   ExplotaciónS "
"333","Yo como la  Pedroche  ni  machismo ni  feminismo  yo el  despelotismo y  todoporlapasta  Ahora  en serio  la "
"334","El azar del cáncer  y lo que usted puede hacer para no favorecerlo  AsociacionesyFundaciones  Feminismo"
"335","   PREPARATE  M   sororidad  feminismo este  hará historia  Gracias por luchar para que lo consigamos  "
"336","A todos los q alaban el discurso feminista dos dejo un par d declaraciones suyas de   Ya para "
"337","  Di NO al  feminismo"
"338","  El  Feminismo perdió todo poder de palabra por tener una ideología insostenible argumentalmente  Y a demás  lo perdió "
"339","Descubre qué es el  Feminismo y lo que ha logrado este movimiento"
"340","RT angelonestore  No queremos que el  sea  el año  del  feminismo  queremos que los feminismos calen en la sociedad y formen parte de "
"341","  Cuando el  Feminismo  lo que te enseña es  Machismo"
"342","En el mismo día  desde cierto  feminismo se ha reivindicado q las mujeres pueden ir vestidas como quieran entre otr "
"343","Os deseamos un  Feliz  Por un año en el que los  DerechosHumanos  la  Diversidad  el  Feminismo y la  Inclusión "
"344","  El  feminismo como yo lo entiendo  Leído gracias a"
"345","El  legado de   MujeresFeministas que  fallecieron en  y no conoces por culpa del  patriarcado  sororidad "
"346","  El  feminismo como yo lo entiendo  Leído gracias a"
"347","El  feminismo como yo lo entiendo  Leído gracias a"
"348","   En serio  En el año del  feminismo así  cristinapedroche recibe las campanadas  Feliz  campanadasa"
"349","No señoras  no todo en el feminismo vale  Esto no va de vender camisetas ni frases simplistas   feminismo  igualdad "
"350","Mucho amor  del bueno  Sororidad Y mucho  Feminismo O "
"351","   PREPARATE  M   sororidad  feminismo este  hará historia  Gracias por luchar para que lo consigamos  "
"352","RT angelonestore  No queremos que el  sea  el año  del  feminismo  queremos que los feminismos calen en la sociedad y formen parte de "
"353","  No queremos que el  sea  el año  del  feminismo  queremos que los feminismos calen en la sociedad y formen parte de "
"354","  Regalazo  fermosísimo calendario gratuíto do  descargable de grandes mulleres                                                   Feminismo"
"355","  Johannes Vermeer   La Joven De La Perla    La necesaria Revolución ha de ser desde el FEMINISMO    DDHH   feminismo"
"356","No uses el  feminismo para ocultar la sexualización y cosificación de las mujeres  Te recomiendo empezar por aquí "
"357","Clarificador a tope para distinguir entre  Feminismo y el  feminismodesalón que aplaude el  patriarcado"
"358","Johannes Vermeer   La Joven De La Perla    La necesaria Revolución ha de ser desde el FEMINISMO    DDHH   feminismo"
"359","En este post  nuestrase atreve a unir  feminismo y  JuegoDeTronos y se queda tan ancha    Tu tb cr "
"360","             Presentación Libro  La  muerte de mi madre me hizo más libre   Qmayorvía  "
"361","   PREPARATE  M   sororidad  feminismo este  hará historia  Gracias por luchar para que lo consigamos  "
"362","  No queremos que el  sea  el año  del  feminismo  queremos que los feminismos calen en la sociedad y formen parte de "
"363","sabes del feminismo    Prueba  Feminismo"
"364","  DIOS Va a Remecer  Chile de Norte a Sur Por Proyecto Ley  AbortoCausales  MatrimonioHomosexual  Feminismo  Bachelet"
"365","Por un  Feliz con mucho  feminismo  Happy  FelizAñoNuevo  FelizAño"
"366","La de pivas que he visto esta noche forzadas a besar al chulo pasado que quieren tener a su lado  Feminismo                            "
"367","El típico chulo que atraviesa la pista de baile llevándola a ella de la mano y ella toda feliz siendo usada como ob "
"368","RT JoseGaHompanera  El  feminismo busca la igualdad El  Hembrismo busca la superioridad de la mujer El  machismo busca la superioridad del "
"369","sabes del feminismo    Prueba  Feminismo"
"370","   PREPARATE  M   sororidad  feminismo este  hará historia  Gracias por luchar para que lo consigamos  "
"371","El último día de  empezó con la localización del cuerpo de una mujer asesinada por un hombre y acabó con millon "
"372","RT comfeminista  Que en  la fuerza se multiplique   Feminismo  NiUnaMenos  IgualdadDeGéneroSíVía HuffPostWo "
"373","  Esto es lo que quiere el  Feminismo Nunca fue la búsqueda de la seguridad de la mujer  ni erradicar la violencia  solo q "
"374","  El  feminismo no es una tendencia pasajera  luchar por la igualdad no es algo que pase de moda como un tejido o unas botas "
"375","Esta es la nueva camiseta feminista que desbancará al  We should all be feminist  de Dior   Feminismo  Dior "
"376","RT JoseGaHompanera  El  feminismo busca la igualdad El  Hembrismo busca la superioridad de la mujer El  machismo busca la superioridad del "
"377","   PREPARATE  M   sororidad  feminismo este  hará historia  Gracias por luchar para que lo consigamos  "
"378","  El  feminismo le planta cara al  patriarcado en  JuanaEsNavidad vía   "
"379","  El  feminismo busca la igualdad El  Hembrismo busca la superioridad de la mujer El  machismo busca la superioridad del "
"380","Yo ya lo siento  pero quePedroche se llame feminista por hacer lo que le da la gana y que lo que le de la gana se "
"381","  Que en  la fuerza se multiplique   Feminismo  NiUnaMenos  IgualdadDeGéneroSíVía  "
"382","   En serio  En el año del  feminismo así  cristinapedroche recibe las campanadas  Feliz  campanadasa"
"383","Esta modelo recrea los looks de todas las princesas Disney a partir de prendas indias tradicionales   HamelPatel "
"384","   PREPARATE  M   sororidad  feminismo este  hará historia  Gracias por luchar para que lo consigamos  "
"385","  El  feminismo busca la igualdad El  Hembrismo busca la superioridad de la mujer El  machismo busca la superioridad del "
"386","  Que en  la fuerza se multiplique   Feminismo  NiUnaMenos  IgualdadDeGéneroSíVía  "
"387","Que en  la fuerza se multiplique   Feminismo  NiUnaMenos  IgualdadDeGéneroSíVía "
"388","Yo le doy las gracias al  por el  feminismo y por vosotras de las que tanto aprendo y con "
"389","Retweeted Gabriel Hompa                               El  feminismo busca la igualdad El  Hembrismo busca la   "
"390","  El  feminismo busca la igualdad El  Hembrismo busca la superioridad de la mujer El  machismo busca la superioridad del "
"391","   PREPARATE  M   sororidad  feminismo este  hará historia  Gracias por luchar para que lo consigamos  "
"392","Quien necesita un hombre  Breve para hacer asado  NADIEEEEEEEE  findeaño  AñoNuevo  abajoelpatriarcado  asado "
"393","   PREPARATE  M   sororidad  feminismo este  hará historia  Gracias por luchar para que lo consigamos  "
"394","   PREPARATE  M   sororidad  feminismo este  hará historia  Gracias por luchar para que lo consigamos  "
"395","   PREPARATE  M   sororidad  feminismo este  hará historia  Gracias por luchar para que lo consigamos  "
"396","   PREPARATE  M   sororidad  feminismo este  hará historia  Gracias por luchar para que lo consigamos  "
"397"," PREPARATE  M   sororidad  feminismo este  hará historia  Gracias por luchar para que lo consigamos "
"398","  El  feminismo no es una tendencia pasajera  luchar por la igualdad no es algo que pase de moda como un tejido o unas botas "
"399","  La justicia y la identificación con el agresor  feminismo  visibilidad  sororidad vía"
"400","Ser mujer es un factor de riesgo  aquí y en casi todo el mundo  Año nuevo  deseo más  feminismo para todxs "
"401","Haces bien  Irene  no somos nosotras quienes tenemos que cambiar nuestra ropa  nuestro modo de volver "
"402","Y también sentimos miedo por nuestras hijas  nuestras amigas  nuestras hermanas    Es difícil de explicar "
"403","   En serio  En el año del  feminismo así  cristinapedroche recibe las campanadas  Feliz  campanadasa"
"404","Está claro  la culpa es del  machismo y la solución es el  feminismo  Nos están matando  más de la mi "
"405","  El  feminismo le planta cara al  patriarcado en  JuanaEsNavidad vía   "
"406"," Lo besé en la primera cita INTENSIDAD REAL  panorámico by takis    Naaaambre    Qué andas haciendo  Ni es "
"407"," Feminismo  La palabra del año según"
"408","  Por un año más igualitario  FelizAño  Género  Igualdad  NiUnaMenos  MasculinidadesLibertarias  Feminismo"
"409","  Por un año más igualitario  FelizAño  Género  Igualdad  NiUnaMenos  MasculinidadesLibertarias  Feminismo"
"410","Por un año más igualitario  FelizAño  Género  Igualdad  NiUnaMenos  MasculinidadesLibertarias  Feminismo"
"411","  Que grande eres Ramonchu  CampanadasTVE  Feminismo  NoALaViolenciaMachista  FelizAño"
"412","Que grande eres Ramonchu  CampanadasTVE  Feminismo  NoALaViolenciaMachista  FelizAño"
"413","   En serio  En el año del  feminismo así  cristinapedroche recibe las campanadas  Feliz  campanadasa"
"414"," En serio  En el año del  feminismo así  cristinapedroche recibe las campanadas  Feliz  campanadasa"
"415","Pedroche coqueta enséñanos las tetas                                          feminismo"
"416"," antepenúltimo  muy triste porque en RM han puesto de presentadora a una chica prácticamente desnuda  Y no me joda "
"417","Me alegra mucho  MUCHO  MUCHO OIR COMODA UN DISCURSO DICIENDO QUE NO ES NO  NosQueremosVivas "
"418","  Para   sólo deseo una cosa  Á r MATE MUJER                  Feminismo"
"419","Este año he formado parte dey todas las mujeres maravillosas que f "
"420","  Cuando el  Feminismo  lo que te enseña es  Machismo"
"421","Un hombre da esas excusas y es considerado persona de pocos valores  putero  mal esposo  mal pareja   Una "
"422","  No queremos que el  sea  el año  del  feminismo  queremos que los feminismos calen en la sociedad y formen parte de "
"423","  Regalazo  fermosísimo calendario gratuíto do  descargable de grandes mulleres                                                   Feminismo"
"424","La misma excusa de hace miles de años  no poder pedir cosas a sus parejas  no tener pareja  no estar asat "
"425","RT MasculinismoEsp  Cuando el  Feminismo  lo que te enseña es  Machismo Gladiadora "
"426","Despedimos el    el que puede haber sido  El año de las mujeres   por"
"427","  Se va el   y con él un año marcado por el  feminismo  En el  nos toca consolidar la cuarta ola feminista y aprovec "
"428","  Muy bienpor la fotografía acertada decomo referente del  Feminismo y la  Sororidad en  Ecuad "
"429","Regalazo  fermosísimo calendario gratuíto do  descargable de grandes mulleres                                                   Feminismo"
"430","NO QUIERO VUESTRO PIROPOS  NO QUIERO QUE ME HABLEIS MIENTRAS VOY POR LA CALLE  NO QUIETO QUE ME GRITEIS GILIPOLLECE "
"431","  Ey  que se os ha caído un poco de machismo en el titular  Os lo he sacudido  De nada    feminismo  hayquejoderse"
"432","  Muy bienpor la fotografía acertada decomo referente del  Feminismo y la  Sororidad en  Ecuad "
"433","Violeta Radio  la primera estación de radio feminista que sonará en la CDMX Feminismo  Nacionales"
"434","  Muy bienpor la fotografía acertada decomo referente del  Feminismo y la  Sororidad en  Ecuad "
"435","Muy bienpor la fotografía acertada decomo referente del  Feminismo y la  Sororidad "
"436","  Nos encanta que esta haya sido una de las palabras más buscadas del año              feminismoVía TheLuxonomi "
"437","  Cuando el  Feminismo  lo que te enseña es  Machismo"
"438","Creo que abriré una cuenta que se llame  esa la feminista      Con cuánta grima responden algunos a mis comentarios "
"439","RT LOfficielES   Quiero disfrutar de mi éxito  no disculparme por él   Así vio el  feminismo Sexo en Nueva York "
"440","  Cuando el  Feminismo  lo que te enseña es  Machismo"
"441","  Cuando el  Feminismo  lo que te enseña es  Machismo"
"442","  Cuando el  Feminismo  lo que te enseña es  Machismo"
"443","             Presentación Libro  La  muerte de mi madre me hizo más libre   Qmayorvía  "
"444","  Cuando el  Feminismo  lo que te enseña es  Machismo"
"445","   El  feminismo no es necesario    Edition"
"446","   Yo también hablaré de  feminismo a mis hijas    Hija  no te juntes con esas resentidas que odian a los hombres y se t "
"447"," El último Verde Niña Magazine ya está publicado  ecologismo  feminismo  energíasrenovables  bienestar  revolución"
"448","Querés balance  Tomá  Algunos pensamientos feministas sobre este año  La máquina está sangrando "
"449","  No queremos que el  sea  el año  del  feminismo  queremos que los feminismos calen en la sociedad y formen parte de "
"450","RT letra escarlata  Omnia Somnia feministaHarta ana garcia     BlemcomM grunppy Mucho amor  del bueno  Sororidad Y mucho  Feminismo O "
"451","Carta a un señor en Colombia que manifestó que el  machismo y el  feminismo pueden coexistir pacíficamente  Aplica "
"452","A este   le pido ilusión para seguir luchando con pasión  le pido igualdad y que la palabra  Feminismo no sea u "
"453","   Quiero disfrutar de mi éxito  no disculparme por él   Así vio el  feminismo Sexo en Nueva York "
"454"," Quiero disfrutar de mi éxito  no disculparme por él   Así vio el  feminismo Sexo en Nueva York "
"455","Del  me quedo con  feminismo y  neutralidad"
"456","   Recomendación  Lecturas  LibrosImprescindibles  Locura  Feminismo  Escritoras    Papel pintado amarillo  de la gran Charlot "
"457","El  feminismo debe defender la seguridad con la misma fuerza que la libertad "
"458","El  feminismo tiene la obligación de que por parte tanto de hombres como de mujeres  "
"459","Para empezar  el último tuit  con lo de  not all men   me expliqué y en varios tuits "
"460"," Te recomiendo que escuches este  audio de iVoox  LDD   Teresa Claramunt  pionera del  feminismo obrerista "
"461","La pregunta para  abortistas y  Feminazis sería  En qué momento paso a ser bebé  niña  ser humano  Y esta bebé naci "
"462","  Leia hace  años nos enseñó como son las princesas de verdad   StarWars  TheLastJedi  feminism  feminismo  LeiaOrgana  Mujer "
"463","  Para   sólo deseo una cosa  Á r MATE MUJER                  Feminismo"
"464","Mucho amor  del bueno  Sororidad Y mucho  Feminismo O "
"465","  Para   sólo deseo una cosa  Á r MATE MUJER                  Feminismo"
"466","El miedo lo deberían tener ellos a parecer y ser unos monstruos   femrad  feminismo"
"467","  No queremos que el  sea  el año  del  feminismo  queremos que los feminismos calen en la sociedad y formen parte de "
"468","  Para   sólo deseo una cosa  Á r MATE MUJER                  Feminismo"
"469","  Nos encanta que esta haya sido una de las palabras más buscadas del año              feminismoVía TheLuxonomi "
"470","  Para   sólo deseo una cosa  Á r MATE MUJER                  Feminismo"
"471","Mucho amor  del bueno  Sororidad Y mucho  Feminismo O "
"472","  Para   sólo deseo una cosa  Á r MATE MUJER                  Feminismo"
"473","  Las que limpian  las que cuidan  las que luchan  Y una reflexión   El feminismo es el sujeto político más potente   ht "
"474","Para   sólo deseo una cosa  Á r MATE MUJER                  Feminismo"
"475","  Y por esto tambien  los  Propositos deben de ser  feminismo y  luchaporlaigualdad"
"476","  El  feminismo busca la igualdad El  Hembrismo busca la superioridad de la mujer El  machismo busca la superioridad del "
"477","  Cuando el  Feminismo  lo que te enseña es  Machismo"
"478"," Sabes qué es el  Feminismo  Descubre más sobre este movimiento"
"479","   El  Feminismo es el sujeto político más potente   mujeres q ganan luchas"
"480"," El  Feminismo es el sujeto político más potente   mujeres q ganan luchas "
"481","Así despido    feminismo   nosequedenensuscasas  Bye"
"482","Mucho amor  del bueno  Sororidad Y mucho  Feminismo O "
"483","  Las que limpian  las que cuidan  las que luchan  Y una reflexión   El feminismo es el sujeto político más potente   ht "
"484","  Las que limpian  las que cuidan  las que luchan  Y una reflexión   El feminismo es el sujeto político más potente   ht "
"485","Mucho amor  del bueno  Sororidad Y mucho  Feminismo O "
"486","Por un  en el que dejen de preguntarme   Es niño o niña  Ah  entonces rosa y de Hello Kitty  y que yo pueda dec "
"487","Mucho amor  del bueno  Sororidad Y mucho  Feminismo O "
"488"," empoderamiento  feminismo para                gracias El cuadrilátero de Esteban "
"489","Mucho amor  del bueno  Sororidad Y mucho "
"490","  No queremos que el  sea  el año  del  feminismo  queremos que los feminismos calen en la sociedad y formen parte de "
"491","             Presentación Libro  La  muerte de mi madre me hizo más libre   Qmayorvía  "
"492","Que en  no falte ninguna por culpa de las  ViolenciasMachistas  Tomemos fuerzas porque este va ser el año del "
"493","RT jatirado  Nos encanta que esta haya sido una de las palabras más buscadas del año              feminismoVía TheLuxonomi "
"494","A  Galiza onde os dereitos da clase traballadora sexan protexidos  os recursos non sexan depredados e as vidas sexa "
"495"," Feminismo  Palestina   Por qué la palestina Ahed  detenida por el régimen sionista  no es beneficiaria de la misma "
"496","Mi conclusión  tod seríamos malas víctimas  siempre hay algo que puede ser interpretado como problemático en nues "
"497","   Feminismo y lucha sindical  las mujeres que lideran luchas laborales  Desdehasta las  espartanas  de Coca Co "
"498","Háblame de igualdad cuando estemos en igualdad de condiciones  gracias   feminismo  machismofueradenuestrascalles"
"499","Seguiremos luchando en las calles  en las casas  en las redes y en los despachos  Nunca nos detendremos  nunca nos "
"500","   que no se confunda con dinero fácil  nunca fue fácil  rápido si      feminismo  sororidad  abolicioneslasolución"
